

/*Table structure for table `phrase_english` */

DROP TABLE IF EXISTS `phrase_english`;

CREATE TABLE `phrase_english` (
  `id` int(11) NOT NULL AUTO_INCREMENT,
  `text` text NOT NULL,
  PRIMARY KEY (`id`)
) ENGINE=InnoDB AUTO_INCREMENT=209 DEFAULT CHARSET=utf8;

/*Data for the table `phrase_english` */

insert  into `phrase_english`(`id`,`text`) values (5,'where is my class?'),(8,'I believe you.'),(9,'They fail.'),(10,'I hope you like it.'),(11,'Pass me the salt.'),(12,'I mark the shirt.'),(13,'He shows her the newspaper.'),(14,'She makes dinner.'),(15,'They include you.'),(16,'She searches for food.'),(17,'¡Believe me!'),(18,'She makes a sandwich.'),(19,'You include animals.'),(20,'They include the doctors.'),(21,'I believe in my father.'),(22,'I know why you fail.'),(23,'I hope not.'),(24,'The animal searches for water.'),(25,'She makes the dinner.'),(26,'He shows them the model.'),(27,'We look at the animals.'),(28,'They give me rice.'),(29,'I study,'),(30,'They try the beef.'),(31,'She needs more water.'),(32,'I remember her.'),(33,'She includes me.'),(34,'Her husband offers me coffee.'),(35,'He needs me.'),(36,'He includes his mother.'),(37,'I give them water.'),(38,'I try the cheese.'),(39,'He offers her an apple.'),(40,'Yo deseo un hijo.'),(41,'He needs them.'),(42,'I remember him.'),(43,'He offers me his food.'),(44,'It needs work.'),(45,'Come and try the rice!'),(46,'They give me water.'),(47,'I wish for a daughter.'),(48,'As you wish!'),(49,'His mouth is not clean.'),(50,'The cat is not human,'),(51,'My dog is dirty.'),(52,'The left shoe is different.'),(53,'You are my future husband.'),(54,'The summer is hot but dry.'),(55,'Are they legal?'),(56,'My clothes are wet.'),(57,'Yes, but it is recent.'),(58,'The newspapers are recent.'),(59,'He is my future husband.'),(60,'She is my future wife.'),(61,'The shirt is still wet.'),(62,'The pants are dry.'),(63,'My shoe is dirty.'),(64,'Because they are clean.'),(65,'Her left shoes is green.'),(66,'Is the newspaper recent?'),(67,'They are not human.'),(68,'It is an official dinner.'),(69,'Our main worker.'),(70,'You are a modern mother.'),(71,'He is a military doctor.'),(72,'My brother is not bilingual.'),(73,'You are positive.'),(74,'She is professional.'),(75,'I like the local food.'),(76,'I am now bilingual.'),(77,'Our main food is rice.'),(78,'He is a professional actor.'),(79,'He is a modern writer.'),(80,'The local beer is good.'),(81,'It is the minimum age.'),(82,'The boss\' answer is positive.'),(83,'They are not official.'),(84,'I am positive.'),(85,'We are professional.'),(86,'A military career.'),(87,'The minimum time is an hour.'),(88,'Your house is very modern.'),(89,'We read the local newspaper.'),(90,'Do you want pepper?'),(91,'Do you like butter?'),(92,'¿Esto es una a zanahoria?'),(93,'I want mushrooms in my salad.'),(94,'The cake is bitter.'),(95,'I do not like honey.'),(96,'The pasta has garlic.'),(97,'It is grape juice.'),(98,'¡I do not like carrots!'),(99,'My brother likes bananas.'),(100,'The white mushroom is not bitter.'),(101,'Bread with butter.'),(102,'I like carrot cake.'),(103,'The girl is eating a grape.'),(104,'A yellow carrot.'),(106,'I see two carrots and three grapes.'),(107,'Do you like bread with garlic?'),(108,'Tea with honey.'),(109,'Is it possible?'),(110,'We are not popular.'),(111,'It is an independent company.'),(112,'What is the real answer?'),(113,'I have my own cats.'),(114,'In general'),(115,'I am not available.'),(116,'It is private.'),(117,'They are very popular.'),(118,'I am not perfect.'),(119,'You make your own shirts.'),(120,'I have my own dogs.'),(121,'Private parties.'),(122,'It is possible for you.'),(123,'She is her real mother.'),(124,'In general it is white.'),(125,'In general I eat meat.'),(126,'She is independent.'),(127,'Yes you are real.'),(128,'One room is available.'),(129,'They have their own parties.'),(130,'It is not possible for me.'),(131,'Clearly.'),(132,'Possibly'),(133,'It is completely green.'),(134,'Sometimes he cooks with her.'),(135,'Why is he late?'),(136,'I am not going anywhere.'),(137,'Twice per week.'),(138,'He reads easily.'),(139,'Why are you always late?'),(140,'One or two times per day?'),(141,'It is completely possible.'),(142,'You write especially for us.'),(143,'He sleeps easily.'),(144,'I see her twice a week.'),(145,'Sometimes I run on tuesdays.'),(146,'I never go anywhere.'),(147,'Too late!'),(148,'My son eats anywhere.'),(149,'The boy reads easily.'),(150,'Twice a week.'),(151,'I am completely against it.'),(152,'However, it is good.'),(153,'Eat slowly.'),(154,'Is it far from here?'),(155,'Me neither.'),(156,'Normally, it takes years.'),(157,'Generally it is green'),(158,'difinitely'),(159,'Your sister is as beautiful as ever.'),(160,'Not necessarily'),(161,'I remember neither the day nor the moment.'),(162,'Generally the meat is red.'),(163,'It is definitely a bear.'),(164,'How far is it?'),(165,'Do you ever cook?'),(166,'He eats slowly.'),(167,'No, not normally.'),(168,'However, it is too expensive.'),(169,'We are still far from there.'),(170,'Definitely.'),(171,'however, they are not the same.'),(172,'I neither read nor write.'),(173,'However, it is not possible.'),(174,'I have more for later.'),(175,'They are pretty tired today.'),(176,'Who else is there?'),(177,'Currently it is like this.'),(178,'Finalmente le pagamos al hombre.'),(179,'He is not yet there.'),(180,'I already speak english.'),(181,'And then?'),(182,'Is it at least possible?'),(183,'Who else is with us?'),(184,'He is currently an actor.'),(185,'We are in june already.'),(186,'She is not here yet.'),(187,'If she walks then he walks.'),(188,'Finally it is friday.'),(189,'A week later.'),(190,'We eat for at least an hour.'),(191,'Until later.'),(192,'Almost'),(193,'enough!'),(194,'Even the child writes.'),(195,'Take me away!'),(196,'exactly!'),(197,'See you soon!'),(198,'I only have one shoe.'),(199,'You have approximately one month.'),(200,'I usually sleep at nine.'),(201,'Yes, even him.'),(202,'We are exactly an hour away.'),(203,'We are approximately here.'),(204,'She only has a shirt.'),(205,'They take his children away.'),(206,'My father usually wears a hat when he goes out.'),(207,'Have a good day, and see you soon.'),(208,'Last night');

/*Table structure for table `phrase_exercise` */

DROP TABLE IF EXISTS `phrase_exercise`;

CREATE TABLE `phrase_exercise` (
  `id` int(11) NOT NULL AUTO_INCREMENT,
  `translation_id` int(11) NOT NULL,
  `question_type` enum('phrase_spanish','phrase_english') NOT NULL,
  `question_id` int(11) NOT NULL,
  `answer_type` enum('phrase_spanish','phrase_english') NOT NULL,
  `answer_id` int(11) NOT NULL,
  `answer` text NOT NULL,
  `created_on` datetime NOT NULL,
  `score` tinyint(4) NOT NULL,
  PRIMARY KEY (`id`)
) ENGINE=InnoDB AUTO_INCREMENT=274 DEFAULT CHARSET=utf8;

/*Data for the table `phrase_exercise` */

insert  into `phrase_exercise`(`id`,`translation_id`,`question_type`,`question_id`,`answer_type`,`answer_id`,`answer`,`created_on`,`score`) values (1,23,'phrase_spanish',23,'phrase_english',23,'I hope no.','2016-05-22 11:05:52',0),(2,5,'phrase_spanish',5,'phrase_english',5,'where is my class.','2016-05-22 16:05:30',0),(3,26,'phrase_spanish',26,'phrase_english',26,'He shows them the model.','2016-05-22 16:05:55',1),(4,27,'phrase_spanish',27,'phrase_english',27,'we look the animals.','2016-05-22 16:05:24',0),(5,29,'phrase_spanish',29,'phrase_english',29,'I study','2016-05-22 16:05:53',0),(6,12,'phrase_spanish',12,'phrase_english',12,'I mark the shirt.','2016-05-22 16:05:54',1),(7,36,'phrase_spanish',36,'phrase_english',36,'He includes his mother.','2016-05-22 16:05:42',1),(8,33,'phrase_spanish',33,'phrase_english',33,'She includes me.','2016-05-22 16:05:30',1),(9,22,'phrase_spanish',22,'phrase_english',22,'I know you fail.','2016-05-22 16:05:44',0),(10,16,'phrase_spanish',16,'phrase_english',16,'She searches food.','2016-05-22 16:05:26',0),(11,37,'phrase_spanish',37,'phrase_english',37,'I given them water.','2016-05-22 16:05:34',0),(12,38,'phrase_spanish',38,'phrase_english',38,'I try the cheese.','2016-05-22 16:05:07',1),(13,9,'phrase_spanish',9,'phrase_english',9,'They fail.','2016-05-22 16:05:08',1),(14,19,'phrase_spanish',19,'phrase_english',19,'You included animals.','2016-05-22 16:05:29',0),(15,14,'phrase_spanish',14,'phrase_english',14,'She makes the dinner.','2016-05-22 17:05:22',0),(16,40,'phrase_spanish',40,'phrase_english',40,'Yo deseo tener un hijo.','2016-05-22 17:05:16',0),(17,39,'phrase_spanish',39,'phrase_english',39,'He offers her an apple.','2016-05-22 22:05:51',1),(18,23,'phrase_spanish',23,'phrase_english',23,'I hope not.','2016-05-22 22:05:35',1),(19,26,'phrase_spanish',26,'phrase_english',26,'He shows them the model.','2016-05-22 22:05:19',1),(20,44,'phrase_spanish',44,'phrase_english',44,'It needs work.','2016-05-24 16:05:40',1),(21,66,'phrase_spanish',66,'phrase_english',66,'Is the newspaper recent?','2016-05-24 16:05:56',1),(22,17,'phrase_spanish',17,'phrase_english',17,'asdfasdf','2016-05-24 16:05:22',0),(23,73,'phrase_spanish',73,'phrase_english',73,'You are positive.','2016-05-24 16:05:14',1),(24,79,'phrase_spanish',79,'phrase_english',79,'He is a modern writer.','2016-05-24 16:05:58',1),(25,17,'phrase_spanish',17,'phrase_english',17,'Believe me!','2016-05-24 16:05:24',0),(26,55,'phrase_spanish',55,'phrase_english',55,'Are they legals?','2016-05-24 16:05:57',0),(27,23,'phrase_spanish',23,'phrase_english',23,'I hope not.','2016-05-24 16:05:18',1),(28,55,'phrase_spanish',55,'phrase_english',55,'Are they legal?','2016-05-24 16:05:45',1),(29,9,'phrase_spanish',9,'phrase_english',9,'They fail.','2016-05-24 16:05:57',1),(30,10,'phrase_spanish',10,'phrase_english',10,'I hope you like it.','2016-05-24 16:05:30',1),(31,65,'phrase_spanish',65,'phrase_english',65,'Her left shoe is green.','2016-05-24 16:05:02',0),(32,55,'phrase_spanish',55,'phrase_english',55,'Are they legal?','2016-05-24 16:05:40',1),(33,69,'phrase_spanish',69,'phrase_english',69,'Our main work.','2016-05-24 16:05:36',0),(34,43,'phrase_spanish',43,'phrase_english',43,'He offers me his food.','2016-05-24 16:05:19',1),(35,85,'phrase_spanish',85,'phrase_english',85,'We are professionals.','2016-05-24 16:05:37',0),(36,22,'phrase_spanish',22,'phrase_english',22,'I know why you fail.','2016-05-24 16:05:15',1),(37,10,'phrase_spanish',10,'phrase_english',10,'I hope you like it.','2016-05-24 16:05:37',1),(38,65,'phrase_spanish',65,'phrase_english',65,'Her left shoes is green.','2016-05-24 16:05:10',1),(39,8,'phrase_spanish',8,'phrase_english',8,'I believe you.','2016-05-24 16:05:30',1),(40,17,'phrase_spanish',17,'phrase_english',17,'¡Believe me!','2016-05-24 16:05:57',1),(41,21,'phrase_spanish',21,'phrase_english',21,'I believe in my father.','2016-05-24 16:05:17',1),(42,46,'phrase_spanish',46,'phrase_english',46,'They given me water.','2016-05-24 16:05:41',0),(43,66,'phrase_spanish',66,'phrase_english',66,'Is the newspaper recent?','2016-05-24 16:05:25',1),(44,13,'phrase_spanish',13,'phrase_english',13,'He shows her the newspaper.','2016-05-24 16:05:31',1),(45,41,'phrase_spanish',41,'phrase_english',41,'He needs them.','2016-05-24 16:05:03',1),(46,44,'phrase_spanish',44,'phrase_english',44,'It needs work.','2016-05-24 16:05:17',1),(47,64,'phrase_spanish',64,'phrase_english',64,'Because them is clean.','2016-05-24 16:05:44',0),(48,71,'phrase_spanish',71,'phrase_english',71,'He is a military doctor.','2016-05-24 16:05:43',1),(49,76,'phrase_spanish',76,'phrase_english',76,'Now I am bilingual.','2016-05-24 16:05:58',0),(50,87,'phrase_spanish',87,'phrase_english',87,'The minimum time is one hour.','2016-05-24 16:05:05',0),(51,35,'phrase_spanish',35,'phrase_english',35,'He needs me.','2016-05-24 16:05:32',1),(52,73,'phrase_spanish',73,'phrase_english',73,'You are positive.','2016-05-24 16:05:43',1),(53,23,'phrase_spanish',23,'phrase_english',23,'I hope not.','2016-05-24 16:05:53',1),(54,26,'phrase_spanish',26,'phrase_english',26,'He shows they the model.','2016-05-24 16:05:20',0),(55,79,'phrase_spanish',79,'phrase_english',79,'he is a modern writer.','2016-05-24 16:05:10',1),(56,59,'phrase_spanish',59,'phrase_english',59,'He is my future husband.','2016-05-24 16:05:25',1),(57,34,'phrase_spanish',34,'phrase_english',34,'Her husband offers me coffe.','2016-05-24 16:05:48',0),(58,78,'phrase_spanish',78,'phrase_english',78,'He is an professional actor.','2016-05-24 16:05:37',0),(59,42,'phrase_spanish',42,'phrase_english',42,'I remember him.','2016-05-24 16:05:59',1),(60,36,'phrase_spanish',36,'phrase_english',36,'He includes his mother.','2016-05-24 16:05:18',1),(61,9,'phrase_spanish',9,'phrase_english',9,'They fail.','2016-05-24 16:05:31',1),(62,57,'phrase_spanish',57,'phrase_english',57,'Yes, but is recent.','2016-05-24 16:05:46',0),(63,74,'phrase_spanish',74,'phrase_english',74,'She is professional','2016-05-24 16:05:05',0),(64,41,'phrase_spanish',41,'phrase_english',41,'He needs them.','2016-05-24 16:05:28',1),(65,35,'phrase_spanish',35,'phrase_english',35,'He needs me.','2016-05-24 17:05:01',1),(66,74,'phrase_spanish',74,'phrase_english',74,'She is professional.','2016-05-24 17:05:10',1),(67,9,'phrase_spanish',9,'phrase_english',9,'They fail.','2016-05-24 17:05:20',1),(68,64,'phrase_spanish',64,'phrase_english',64,'Because they are clean.','2016-05-24 17:05:43',1),(69,76,'phrase_spanish',76,'phrase_english',76,'I am now bilingual.','2016-05-24 17:05:38',1),(70,21,'phrase_spanish',21,'phrase_english',21,'I believe in my father.','2016-05-24 17:05:50',1),(71,78,'phrase_spanish',78,'phrase_english',78,'He is a professional actor.','2016-05-24 17:05:07',1),(72,59,'phrase_spanish',59,'phrase_english',59,'He is my future husband.','2016-05-24 17:05:27',1),(73,23,'phrase_spanish',23,'phrase_english',23,'I hope not.','2016-05-24 17:05:35',1),(74,65,'phrase_spanish',65,'phrase_english',65,'Her left shoes is green.','2016-05-24 17:05:55',1),(75,26,'phrase_spanish',26,'phrase_english',26,'He shows them the model.','2016-05-24 17:05:20',1),(76,87,'phrase_spanish',87,'phrase_english',87,'The minimum time is an hour','2016-05-24 17:05:36',0),(77,22,'phrase_spanish',22,'phrase_english',22,'I know why you fail.','2016-05-24 17:05:20',1),(78,73,'phrase_spanish',73,'phrase_english',73,'You are positive.','2016-05-24 17:05:34',1),(79,44,'phrase_spanish',44,'phrase_english',44,'It needs work.','2016-05-24 17:05:46',1),(80,13,'phrase_spanish',13,'phrase_english',13,'He shows her the newspaper.','2016-05-24 17:05:10',1),(81,69,'phrase_spanish',69,'phrase_english',69,'Our main worker.','2016-05-24 17:05:26',1),(82,46,'phrase_spanish',46,'phrase_english',46,'They give me water.','2016-05-24 17:05:41',1),(83,36,'phrase_spanish',36,'phrase_english',36,'He includes his mother.','2016-05-24 17:05:15',1),(84,34,'phrase_spanish',34,'phrase_english',34,'her husband offers me coffee.','2016-05-24 17:05:34',1),(85,85,'phrase_spanish',85,'phrase_english',85,'We are professional.','2016-05-24 17:05:51',1),(86,43,'phrase_spanish',43,'phrase_english',43,'He offers me his food.','2016-05-24 17:05:30',1),(87,8,'phrase_spanish',8,'phrase_english',8,'I believe you.','2016-05-24 17:05:40',1),(88,17,'phrase_spanish',17,'phrase_english',17,'¡Believe me!','2016-05-24 17:05:55',1),(89,79,'phrase_spanish',79,'phrase_english',79,'He is a modern writer.','2016-05-24 17:05:09',1),(90,71,'phrase_spanish',71,'phrase_english',71,'He is a military doctor.','2016-05-24 17:05:29',1),(91,42,'phrase_spanish',42,'phrase_english',42,'I remember his','2016-05-24 17:05:40',0),(92,66,'phrase_spanish',66,'phrase_english',66,'Is the newspaper recent?','2016-05-24 17:05:14',1),(93,57,'phrase_spanish',57,'phrase_english',57,'Yes, but it is recent.','2016-05-24 17:05:29',1),(94,10,'phrase_spanish',10,'phrase_english',10,'I hope you like it.','2016-05-24 17:05:43',1),(95,55,'phrase_spanish',55,'phrase_english',55,'Are they legal?','2016-05-24 17:05:55',1),(96,44,'phrase_spanish',44,'phrase_english',44,'I needs work.','2016-05-24 17:05:08',0),(97,42,'phrase_spanish',42,'phrase_english',42,'I remember him.','2016-05-24 17:05:27',1),(98,9,'phrase_spanish',9,'phrase_english',9,'They fail.','2016-05-24 17:05:57',1),(99,78,'phrase_spanish',78,'phrase_english',78,'He is a professional actor.','2016-05-24 17:05:11',1),(100,34,'phrase_spanish',34,'phrase_english',34,'Her husband offers me coffee.','2016-05-24 17:05:36',1),(101,36,'phrase_spanish',36,'phrase_english',36,'He includes his mother.','2016-05-24 17:05:15',1),(102,23,'phrase_spanish',23,'phrase_english',23,'I hope not.','2016-05-24 17:05:26',1),(103,76,'phrase_spanish',76,'phrase_english',76,'I am now bilingual.','2016-05-24 17:05:34',1),(104,41,'phrase_spanish',41,'phrase_english',41,'He needs them.','2016-05-24 17:05:26',1),(105,66,'phrase_spanish',66,'phrase_english',66,'Is the newspaper recent?','2016-05-24 17:05:06',1),(106,73,'phrase_spanish',73,'phrase_english',73,'Your are positive.','2016-05-24 17:05:19',0),(107,21,'phrase_spanish',21,'phrase_english',21,'I believe in my father.','2016-05-24 17:05:45',1),(108,87,'phrase_spanish',87,'phrase_english',87,'The minimum time is an hour.','2016-05-24 17:05:04',1),(109,55,'phrase_spanish',55,'phrase_english',55,'Are they legal?','2016-05-24 17:05:06',1),(110,17,'phrase_spanish',17,'phrase_english',17,'¡believe me!','2016-05-24 17:05:20',1),(111,71,'phrase_spanish',71,'phrase_english',71,'He is a military doctor.','2016-05-24 17:05:39',1),(112,69,'phrase_spanish',69,'phrase_english',69,'Our main worker.','2016-05-24 17:05:56',1),(113,65,'phrase_spanish',65,'phrase_english',65,'Her left shoes is green.','2016-05-24 17:05:13',1),(114,74,'phrase_spanish',74,'phrase_english',74,'she is professional.','2016-05-24 17:05:41',1),(115,22,'phrase_spanish',22,'phrase_english',22,'I know why you fail.','2016-05-24 17:05:05',1),(116,8,'phrase_spanish',8,'phrase_english',8,'I believe you.','2016-05-24 17:05:18',1),(117,35,'phrase_spanish',35,'phrase_english',35,'He needs me.','2016-05-24 17:05:30',1),(118,64,'phrase_spanish',64,'phrase_english',64,'Because they are clean.','2016-05-24 17:05:48',1),(119,59,'phrase_spanish',59,'phrase_english',59,'He is my future husband.','2016-05-24 17:05:16',1),(120,46,'phrase_spanish',46,'phrase_english',46,'They give me water.','2016-05-24 17:05:36',1),(121,13,'phrase_spanish',13,'phrase_english',13,'He shows her the newspaper.','2016-05-24 17:05:59',1),(122,57,'phrase_spanish',57,'phrase_english',57,'Yes, but it is recent.','2016-05-24 17:05:28',1),(123,43,'phrase_spanish',43,'phrase_english',43,'He offers me his food.','2016-05-24 17:05:10',1),(124,85,'phrase_spanish',85,'phrase_english',85,'We are professional.','2016-05-24 17:05:23',1),(125,26,'phrase_spanish',26,'phrase_english',26,'He shows them the model.','2016-05-24 17:05:42',1),(126,10,'phrase_spanish',10,'phrase_english',10,'I hope you like it.','2016-05-24 17:05:57',1),(127,79,'phrase_spanish',79,'phrase_english',79,'He is a modern writer.','2016-05-24 17:05:13',1),(128,76,'phrase_spanish',76,'phrase_english',76,'I am now bilingual.','2016-05-24 17:05:26',1),(129,23,'phrase_spanish',23,'phrase_english',23,'I hope not.','2016-05-24 17:05:35',1),(130,22,'phrase_spanish',22,'phrase_english',22,'I know why you fail.','2016-05-24 17:05:51',1),(131,57,'phrase_spanish',57,'phrase_english',57,'Yes, but it is recent.','2016-05-24 17:05:02',1),(132,87,'phrase_spanish',87,'phrase_english',87,'The minimum time is an hour.','2016-05-24 17:05:19',1),(133,17,'phrase_spanish',17,'phrase_english',17,'¡believe me!','2016-05-24 17:05:45',1),(134,69,'phrase_spanish',69,'phrase_english',69,'Our main worker.','2016-05-24 17:05:58',1),(135,43,'phrase_spanish',43,'phrase_english',43,'He offers me his food.','2016-05-24 17:05:12',1),(136,10,'phrase_spanish',10,'phrase_english',10,'I hope you like it.','2016-05-24 17:05:24',1),(137,44,'phrase_spanish',44,'phrase_english',44,'It needs work.','2016-05-24 17:05:36',1),(138,65,'phrase_spanish',65,'phrase_english',65,'Her left shoes is green.','2016-05-24 17:05:54',1),(139,71,'phrase_spanish',71,'phrase_english',71,'He is a military doctor.','2016-05-24 17:05:08',1),(140,59,'phrase_spanish',59,'phrase_english',59,'He is my future husband.','2016-05-24 17:05:22',1),(141,64,'phrase_spanish',64,'phrase_english',64,'Because they are clean.','2016-05-24 17:05:42',1),(142,36,'phrase_spanish',36,'phrase_english',36,'He includes his mother.','2016-05-24 17:05:59',1),(143,26,'phrase_spanish',26,'phrase_english',26,'He shows them the model.','2016-05-24 17:05:46',1),(144,138,'phrase_spanish',138,'phrase_english',138,'He reads easily.','2016-05-26 10:05:50',1),(145,124,'phrase_spanish',124,'phrase_english',124,'In general is white.','2016-05-26 10:05:06',0),(146,132,'phrase_spanish',132,'phrase_english',132,'Possibly','2016-05-26 11:05:46',1),(147,10,'phrase_spanish',10,'phrase_english',10,'I hope you like it.','2016-05-26 11:05:40',1),(148,133,'phrase_spanish',133,'phrase_english',133,'It is completely green.','2016-05-26 11:05:03',1),(149,161,'phrase_spanish',161,'phrase_english',161,'I remember neither the day nor the moment.','2016-05-26 11:05:53',1),(150,155,'phrase_spanish',155,'phrase_english',155,'Me neither.','2016-05-26 11:05:54',1),(151,153,'phrase_spanish',153,'phrase_english',153,'Eat slowly.','2016-05-26 11:05:15',1),(152,115,'phrase_spanish',115,'phrase_english',115,'I am not available.','2016-05-26 11:05:49',1),(153,146,'phrase_spanish',146,'phrase_english',146,'I never go anywhere.','2016-05-26 11:05:17',1),(154,156,'phrase_spanish',156,'phrase_english',156,'Normally, take years.','2016-05-26 11:05:32',0),(155,116,'phrase_spanish',116,'phrase_english',116,'It is private.','2016-05-26 11:05:13',1),(156,154,'phrase_spanish',154,'phrase_english',154,'Is it far from here.','2016-05-26 11:05:36',0),(157,157,'phrase_spanish',157,'phrase_english',157,'Generally is green.','2016-05-26 11:05:07',0),(158,111,'phrase_spanish',111,'phrase_english',111,'It is an independent company','2016-05-26 11:05:47',0),(159,133,'phrase_spanish',133,'phrase_english',133,'It is completely  green.','2016-05-26 11:05:33',0),(160,150,'phrase_spanish',150,'phrase_english',150,'twice an week.','2016-05-26 11:05:36',0),(161,143,'phrase_spanish',143,'phrase_english',143,'He sleeps easily.','2016-05-26 11:05:58',1),(162,144,'phrase_spanish',144,'phrase_english',144,'I see twice a week.','2016-05-26 11:05:23',0),(163,154,'phrase_spanish',154,'phrase_english',154,'Is far from here?','2016-05-28 11:05:02',0),(164,128,'phrase_spanish',128,'phrase_english',128,'One room is available.','2016-05-28 11:05:29',1),(165,149,'phrase_spanish',149,'phrase_english',149,'The boy read easily.','2016-05-28 11:05:48',0),(166,87,'phrase_spanish',87,'phrase_english',87,'The minimum time is an hour.','2016-05-28 11:05:12',1),(167,109,'phrase_spanish',109,'phrase_english',109,'Is it possible?','2016-05-28 11:05:28',1),(168,136,'phrase_spanish',136,'phrase_english',136,'I never go an anywhere.','2016-05-28 11:05:05',0),(169,5,'phrase_spanish',5,'phrase_english',5,'Where is my class?','2016-05-28 11:05:26',1),(170,134,'phrase_spanish',134,'phrase_english',134,'Sometime he cooks with she.','2016-05-28 11:05:44',0),(171,155,'phrase_spanish',155,'phrase_english',155,'I neither.','2016-05-28 11:05:02',0),(172,144,'phrase_spanish',144,'phrase_english',144,'I see her twice an week.','2016-05-28 11:05:39',0),(173,23,'phrase_spanish',23,'phrase_english',23,'I hope not.','2016-05-28 11:05:58',1),(174,150,'phrase_spanish',150,'phrase_english',150,'Twice a week.','2016-05-28 11:05:16',1),(175,146,'phrase_spanish',146,'phrase_english',146,'I never going an anywhere.','2016-05-28 11:05:56',0),(176,130,'phrase_spanish',130,'phrase_english',130,'It is not possible for me.','2016-05-28 11:05:28',1),(177,135,'phrase_spanish',135,'phrase_english',135,'Why he late?','2016-05-28 11:05:52',0),(178,139,'phrase_spanish',139,'phrase_english',139,'why are you late?','2016-05-28 11:05:07',0),(179,141,'phrase_spanish',141,'phrase_english',141,'It is completlly possible.','2016-05-28 11:05:06',0),(180,145,'phrase_spanish',145,'phrase_english',145,'Sometime I run the tuesdays','2016-05-28 11:05:51',0),(181,10,'phrase_spanish',10,'phrase_english',10,'I hope like you.','2016-05-28 11:05:20',0),(182,8,'phrase_spanish',8,'phrase_english',8,'I believe you.','2016-05-28 11:05:37',1),(183,115,'phrase_spanish',115,'phrase_english',115,'I am not available.','2016-05-28 11:05:56',1),(184,156,'phrase_spanish',156,'phrase_english',156,'Normally, It takes years.','2016-05-28 11:05:17',1),(185,116,'phrase_spanish',116,'phrase_english',116,'It is private.','2016-05-28 11:05:31',1),(186,147,'phrase_spanish',147,'phrase_english',147,'To late!','2016-05-28 11:05:40',0),(187,132,'phrase_spanish',132,'phrase_english',132,'Possiblely','2016-05-28 11:05:07',0),(188,53,'phrase_spanish',53,'phrase_english',53,'You are my future husband.','2016-05-28 11:05:26',1),(189,160,'phrase_spanish',160,'phrase_english',160,'No neccesarily','2016-05-28 11:05:45',0),(190,126,'phrase_spanish',126,'phrase_english',126,'She is independent.','2016-05-28 11:05:02',1),(191,122,'phrase_spanish',122,'phrase_english',122,'It is possible for you.','2016-05-28 11:05:25',1),(192,153,'phrase_spanish',153,'phrase_english',153,'Eat slowly.','2016-05-28 11:05:42',1),(193,17,'phrase_spanish',17,'phrase_english',17,'Believe me!','2016-05-28 11:05:53',0),(194,135,'phrase_spanish',135,'phrase_english',135,'Why is he late?','2016-05-28 11:05:20',1),(195,23,'phrase_spanish',23,'phrase_english',23,'I hope not.','2016-05-28 11:05:30',1),(196,116,'phrase_spanish',116,'phrase_english',116,'It is private.','2016-05-28 11:05:39',1),(197,160,'phrase_spanish',160,'phrase_english',160,'No necessarily.','2016-05-28 11:05:50',0),(198,150,'phrase_spanish',150,'phrase_english',150,'Twice a week.','2016-05-28 11:05:08',1),(199,154,'phrase_spanish',154,'phrase_english',154,'Is it far from here?','2016-05-28 11:05:26',1),(200,156,'phrase_spanish',156,'phrase_english',156,'Normally,, It takes years.','2016-05-28 11:05:44',0),(201,136,'phrase_spanish',136,'phrase_english',136,'I am not going anywhere.','2016-05-28 11:05:18',1),(202,147,'phrase_spanish',147,'phrase_english',147,'¡Too late!','2016-05-28 12:05:32',0),(203,139,'phrase_spanish',139,'phrase_english',139,'Why are you always late?','2016-05-28 12:05:12',1),(204,155,'phrase_spanish',155,'phrase_english',155,'Me neither.','2016-05-28 12:05:51',1),(205,146,'phrase_spanish',146,'phrase_english',146,'I never go anywhere.','2016-05-28 12:05:14',1),(206,17,'phrase_spanish',17,'phrase_english',17,'¡Believe me!','2016-05-28 12:05:35',1),(207,5,'phrase_spanish',5,'phrase_english',5,'Where is my class?','2016-05-28 12:05:47',1),(208,115,'phrase_spanish',115,'phrase_english',115,'I am not available.','2016-05-28 12:05:01',1),(209,53,'phrase_spanish',53,'phrase_english',53,'You are my future husband.','2016-05-28 12:05:15',1),(210,128,'phrase_spanish',128,'phrase_english',128,'One room is available.','2016-05-28 12:05:40',1),(211,149,'phrase_spanish',149,'phrase_english',149,'They boy reads easily.','2016-05-28 12:05:53',0),(212,145,'phrase_spanish',145,'phrase_english',145,'sometime I run on tuesdays.','2016-05-28 12:05:19',0),(213,132,'phrase_spanish',132,'phrase_english',132,'Possibly.','2016-05-28 12:05:45',0),(214,134,'phrase_spanish',134,'phrase_english',134,'Sometimes he cooks with her.','2016-05-28 12:05:27',1),(215,130,'phrase_spanish',130,'phrase_english',130,'It it not possible for me.','2016-05-28 12:05:45',0),(216,122,'phrase_spanish',122,'phrase_english',122,'It is possible for you.','2016-05-28 12:05:07',1),(217,109,'phrase_spanish',109,'phrase_english',109,'Is it possible?','2016-05-28 12:05:20',1),(218,8,'phrase_spanish',8,'phrase_english',8,'I believe you.','2016-05-28 12:05:31',1),(219,87,'phrase_spanish',87,'phrase_english',87,'The minimum time is an hour.','2016-05-28 12:05:55',1),(220,144,'phrase_spanish',144,'phrase_english',144,'I see her twice a week.','2016-05-28 12:05:22',1),(221,10,'phrase_spanish',10,'phrase_english',10,'I hope you like it.','2016-05-28 12:05:35',1),(222,153,'phrase_spanish',153,'phrase_english',153,'Eat slowly.','2016-05-28 12:05:45',1),(223,141,'phrase_spanish',141,'phrase_english',141,'It is completely possible.','2016-05-28 12:05:07',1),(224,126,'phrase_spanish',126,'phrase_english',126,'She is independent.','2016-05-28 12:05:17',1),(225,10,'phrase_spanish',10,'phrase_english',10,'I hope you like it.','2016-05-28 12:05:28',1),(226,135,'phrase_spanish',135,'phrase_english',135,'Why is he late?','2016-05-28 12:05:45',1),(227,153,'phrase_spanish',153,'phrase_english',153,'Eat slowly.','2016-05-28 12:05:56',1),(228,132,'phrase_spanish',132,'phrase_english',132,'Possibly.','2016-05-28 12:05:12',0),(229,126,'phrase_spanish',126,'phrase_english',126,'She is independent.','2016-05-28 12:05:31',1),(230,156,'phrase_spanish',156,'phrase_english',156,'Normally, It takes years.','2016-05-28 12:05:45',1),(231,141,'phrase_spanish',141,'phrase_english',141,'It is completely possible.','2016-05-28 12:05:35',1),(232,8,'phrase_spanish',8,'phrase_english',8,'I believe you.','2016-05-28 12:05:01',1),(233,116,'phrase_spanish',116,'phrase_english',116,'It is private.','2016-05-28 12:05:10',1),(234,115,'phrase_spanish',115,'phrase_english',115,'I am not avaible.','2016-05-28 12:05:22',0),(235,155,'phrase_spanish',155,'phrase_english',155,'Me neither.','2016-05-28 12:05:32',1),(236,5,'phrase_spanish',5,'phrase_english',5,'Where is my class?','2016-05-28 12:05:42',1),(237,134,'phrase_spanish',134,'phrase_english',134,'Sometimes he cooks with her.','2016-05-28 12:05:00',1),(238,130,'phrase_spanish',130,'phrase_english',130,'It is not possible for me.','2016-05-28 12:05:12',1),(239,136,'phrase_spanish',136,'phrase_english',136,'I am not going an anywhere.','2016-05-28 12:05:40',0),(240,147,'phrase_spanish',147,'phrase_english',147,'¡Too late!','2016-05-28 12:05:58',0),(241,150,'phrase_spanish',150,'phrase_english',150,'Twice a week.','2016-05-28 12:05:11',1),(242,17,'phrase_spanish',17,'phrase_english',17,'¡Believe me!','2016-05-28 12:05:27',1),(243,122,'phrase_spanish',122,'phrase_english',122,'It is possible for you.','2016-05-28 12:05:39',1),(244,109,'phrase_spanish',109,'phrase_english',109,'Is is possible?','2016-05-28 12:05:48',0),(245,144,'phrase_spanish',144,'phrase_english',144,'I see her twice a week.','2016-05-28 12:05:06',1),(246,53,'phrase_spanish',53,'phrase_english',53,'You are my future husband.','2016-05-28 12:05:25',1),(247,128,'phrase_spanish',128,'phrase_english',128,'One room is available.','2016-05-28 12:05:40',1),(248,23,'phrase_spanish',23,'phrase_english',23,'I hope not.','2016-05-28 12:05:50',1),(249,154,'phrase_spanish',154,'phrase_english',154,'Is it far from here?','2016-05-28 12:05:08',1),(250,87,'phrase_spanish',87,'phrase_english',87,'The minimum time is an hour.','2016-05-28 12:05:26',1),(251,139,'phrase_spanish',139,'phrase_english',139,'Why are you always late?','2016-05-28 12:05:47',1),(252,149,'phrase_spanish',149,'phrase_english',149,'The boy reads easily.','2016-05-28 12:05:03',1),(253,145,'phrase_spanish',145,'phrase_english',145,'Sometimes I run on tuesdays.','2016-05-28 12:05:26',1),(254,146,'phrase_spanish',146,'phrase_english',146,'I never go anywhere.','2016-05-28 12:05:50',1),(255,160,'phrase_spanish',160,'phrase_english',160,'Not necessarily.','2016-05-28 12:05:02',0),(256,109,'phrase_spanish',109,'phrase_english',109,'Is it possible?','2016-05-28 12:05:24',1),(257,135,'phrase_spanish',135,'phrase_english',135,'Why is he late?','2016-05-28 12:05:36',1),(258,23,'phrase_spanish',23,'phrase_english',23,'I hope not.','2016-05-28 12:05:44',1),(259,134,'phrase_spanish',134,'phrase_english',134,'sometimes he cooks with her.','2016-05-28 12:05:03',1),(260,156,'phrase_spanish',156,'phrase_english',156,'Normally, It takes years.','2016-05-28 12:05:17',1),(261,8,'phrase_spanish',8,'phrase_english',8,'I believe you!','2016-05-28 12:05:32',0),(262,53,'phrase_spanish',53,'phrase_english',53,'You are my future husband.','2016-05-28 12:05:48',1),(263,155,'phrase_spanish',155,'phrase_english',155,'Me neither.','2016-05-28 12:05:58',1),(264,139,'phrase_spanish',139,'phrase_english',139,'Why are you always late?','2016-05-28 12:05:16',1),(265,147,'phrase_spanish',147,'phrase_english',147,'¡Too late!','2016-05-28 12:05:26',0),(266,146,'phrase_spanish',146,'phrase_english',146,'I never go anywhere.','2016-05-28 12:05:45',1),(267,149,'phrase_spanish',149,'phrase_english',149,'The boy reads easily.','2016-05-28 12:05:02',1),(268,115,'phrase_spanish',115,'phrase_english',115,'I am not available.','2016-05-28 12:05:13',1),(269,153,'phrase_spanish',153,'phrase_english',153,'Eat slowly.','2016-05-28 12:05:35',1),(270,141,'phrase_spanish',141,'phrase_english',141,'It is completely possible.','2016-05-28 12:05:46',1),(271,17,'phrase_spanish',17,'phrase_english',17,'¡Believe me!','2016-05-28 12:05:59',1),(272,136,'phrase_spanish',136,'phrase_english',136,'I am not going anywhere.','2016-05-28 12:05:21',1),(273,130,'phrase_spanish',130,'phrase_english',130,'It is not possible for me.','2016-05-28 12:05:31',1);

/*Table structure for table `phrase_selected` */

DROP TABLE IF EXISTS `phrase_selected`;

CREATE TABLE `phrase_selected` (
  `id` int(11) NOT NULL AUTO_INCREMENT,
  `phrase_id` int(11) NOT NULL,
  `type` enum('phrase_spanish','phrase_english') NOT NULL DEFAULT 'phrase_spanish',
  `date` date NOT NULL,
  `active` tinyint(4) NOT NULL DEFAULT '0',
  PRIMARY KEY (`id`)
) ENGINE=InnoDB AUTO_INCREMENT=125 DEFAULT CHARSET=utf8;

/*Data for the table `phrase_selected` */

insert  into `phrase_selected`(`id`,`phrase_id`,`type`,`date`,`active`) values (1,36,'phrase_spanish','2016-05-20',1),(2,35,'phrase_spanish','2016-05-20',1),(3,39,'phrase_spanish','2016-05-20',1),(4,13,'phrase_spanish','2016-05-20',1),(5,26,'phrase_spanish','2016-05-20',1),(6,34,'phrase_spanish','2016-05-20',1),(7,21,'phrase_spanish','2016-05-20',1),(8,8,'phrase_spanish','2016-05-20',1),(9,37,'phrase_spanish','2016-05-20',1),(10,23,'phrase_spanish','2016-05-20',1),(11,10,'phrase_spanish','2016-05-20',1),(12,22,'phrase_spanish','2016-05-20',1),(13,12,'phrase_spanish','2016-05-20',1),(14,32,'phrase_spanish','2016-05-20',1),(15,29,'phrase_spanish','2016-05-20',1),(16,38,'phrase_spanish','2016-05-20',1),(17,11,'phrase_spanish','2016-05-20',1),(18,33,'phrase_spanish','2016-05-20',1),(19,18,'phrase_spanish','2016-05-20',1),(20,14,'phrase_spanish','2016-05-20',1),(21,55,'phrase_spanish','2016-05-24',1),(22,64,'phrase_spanish','2016-05-24',1),(23,36,'phrase_spanish','2016-05-24',1),(24,71,'phrase_spanish','2016-05-24',1),(25,79,'phrase_spanish','2016-05-24',1),(26,78,'phrase_spanish','2016-05-24',1),(27,59,'phrase_spanish','2016-05-24',1),(28,35,'phrase_spanish','2016-05-24',1),(29,41,'phrase_spanish','2016-05-24',1),(30,43,'phrase_spanish','2016-05-24',1),(31,13,'phrase_spanish','2016-05-24',1),(32,26,'phrase_spanish','2016-05-24',1),(33,34,'phrase_spanish','2016-05-24',1),(34,65,'phrase_spanish','2016-05-24',1),(35,76,'phrase_spanish','2016-05-24',1),(36,21,'phrase_spanish','2016-05-24',1),(37,8,'phrase_spanish','2016-05-24',1),(38,23,'phrase_spanish','2016-05-24',1),(39,10,'phrase_spanish','2016-05-24',1),(40,22,'phrase_spanish','2016-05-24',1),(41,42,'phrase_spanish','2016-05-24',1),(42,66,'phrase_spanish','2016-05-24',1),(43,44,'phrase_spanish','2016-05-24',1),(44,69,'phrase_spanish','2016-05-24',1),(45,74,'phrase_spanish','2016-05-24',1),(46,87,'phrase_spanish','2016-05-24',1),(47,9,'phrase_spanish','2016-05-24',1),(48,46,'phrase_spanish','2016-05-24',1),(49,85,'phrase_spanish','2016-05-24',1),(50,57,'phrase_spanish','2016-05-24',1),(51,73,'phrase_spanish','2016-05-24',1),(52,17,'phrase_spanish','2016-05-24',1),(53,131,'phrase_spanish','2016-05-26',1),(54,158,'phrase_spanish','2016-05-26',1),(55,153,'phrase_spanish','2016-05-26',1),(56,157,'phrase_spanish','2016-05-26',1),(57,79,'phrase_spanish','2016-05-26',1),(58,59,'phrase_spanish','2016-05-26',1),(59,138,'phrase_spanish','2016-05-26',1),(60,143,'phrase_spanish','2016-05-26',1),(61,152,'phrase_spanish','2016-05-26',1),(62,151,'phrase_spanish','2016-05-26',1),(63,115,'phrase_spanish','2016-05-26',1),(64,136,'phrase_spanish','2016-05-26',1),(65,118,'phrase_spanish','2016-05-26',1),(66,8,'phrase_spanish','2016-05-26',1),(67,10,'phrase_spanish','2016-05-26',1),(68,146,'phrase_spanish','2016-05-26',1),(69,161,'phrase_spanish','2016-05-26',1),(70,144,'phrase_spanish','2016-05-26',1),(71,38,'phrase_spanish','2016-05-26',1),(72,154,'phrase_spanish','2016-05-26',1),(73,109,'phrase_spanish','2016-05-26',1),(74,111,'phrase_spanish','2016-05-26',1),(75,133,'phrase_spanish','2016-05-26',1),(76,141,'phrase_spanish','2016-05-26',1),(77,122,'phrase_spanish','2016-05-26',1),(78,116,'phrase_spanish','2016-05-26',1),(79,155,'phrase_spanish','2016-05-26',1),(80,156,'phrase_spanish','2016-05-26',1),(81,160,'phrase_spanish','2016-05-26',1),(82,140,'phrase_spanish','2016-05-26',1),(83,128,'phrase_spanish','2016-05-26',1),(84,132,'phrase_spanish','2016-05-26',1),(85,121,'phrase_english','2016-05-26',1),(86,134,'phrase_spanish','2016-05-26',1),(87,145,'phrase_spanish','2016-05-26',1),(88,82,'phrase_spanish','2016-05-26',1),(89,149,'phrase_spanish','2016-05-26',1),(90,147,'phrase_spanish','2016-05-26',1),(91,150,'phrase_spanish','2016-05-26',1),(92,17,'phrase_spanish','2016-05-26',1),(93,139,'phrase_spanish','2016-05-26',1),(94,153,'phrase_spanish','2016-05-28',1),(95,115,'phrase_spanish','2016-05-28',1),(96,136,'phrase_spanish','2016-05-28',1),(97,8,'phrase_spanish','2016-05-28',1),(98,23,'phrase_spanish','2016-05-28',1),(99,10,'phrase_spanish','2016-05-28',1),(100,146,'phrase_spanish','2016-05-28',1),(101,144,'phrase_spanish','2016-05-28',1),(102,154,'phrase_spanish','2016-05-28',1),(103,109,'phrase_spanish','2016-05-28',1),(104,141,'phrase_spanish','2016-05-28',1),(105,130,'phrase_spanish','2016-05-28',1),(106,122,'phrase_spanish','2016-05-28',1),(107,116,'phrase_spanish','2016-05-28',1),(108,155,'phrase_spanish','2016-05-28',1),(109,156,'phrase_spanish','2016-05-28',1),(110,160,'phrase_spanish','2016-05-28',1),(111,128,'phrase_spanish','2016-05-28',1),(112,132,'phrase_spanish','2016-05-28',1),(113,126,'phrase_spanish','2016-05-28',1),(114,134,'phrase_spanish','2016-05-28',1),(115,145,'phrase_spanish','2016-05-28',1),(116,149,'phrase_spanish','2016-05-28',1),(117,87,'phrase_spanish','2016-05-28',1),(118,147,'phrase_spanish','2016-05-28',1),(119,150,'phrase_spanish','2016-05-28',1),(120,5,'phrase_spanish','2016-05-28',1),(121,139,'phrase_spanish','2016-05-28',1),(122,135,'phrase_spanish','2016-05-28',1),(123,53,'phrase_spanish','2016-05-28',1),(124,17,'phrase_spanish','2016-05-28',1);

/*Table structure for table `phrase_spanish` */

DROP TABLE IF EXISTS `phrase_spanish`;

CREATE TABLE `phrase_spanish` (
  `id` int(11) NOT NULL AUTO_INCREMENT,
  `text` text NOT NULL,
  PRIMARY KEY (`id`)
) ENGINE=InnoDB AUTO_INCREMENT=209 DEFAULT CHARSET=utf8;

/*Data for the table `phrase_spanish` */

insert  into `phrase_spanish`(`id`,`text`) values (5,'dónde está mi clase?'),(8,'Te creo.'),(9,'Ellos fallan.'),(10,'Espero que te guste.'),(11,'Pásame la sal.'),(12,'Yo marco la camisa.'),(13,'Él le muestra el periódico.'),(14,'Ella hace la cena.'),(15,'Ellos te incluyen.'),(16,'Ella busca comida.'),(17,'Créeme!'),(18,'Ella prepara un emparedado.'),(19,'Tú incluyes animales.'),(20,'Ellos incluyen los doctores.'),(21,'Yo creo en mi padre.'),(22,'Yo sé por qué fallas.'),(23,'Espero que no.'),(24,'El animal busca agua.'),(25,'Ella hace la cena.'),(26,'Él les muestra a ellos el modelo.'),(27,'Miramos los animales.'),(28,'Ellos me dan arroz.'),(29,'Yo estudio.'),(30,'Ellos prueban la carne de res.'),(31,'Ella necesita más agua.'),(32,'Yo la recuerdo a ella.'),(33,'Ella me incluye.'),(34,'Su esposo me ofrece café.'),(35,'Él me necesita.'),(36,'Él incluye a su madre.'),(37,'Les doy agua.'),(38,'Yo pruebo el queso.'),(39,'Él le ofrece a ella una manzana.'),(40,'I wish for a son.'),(41,'Él las necesita a ellas.'),(42,'Yo lo recuerdo a él.'),(43,'Él me ofrece su comida.'),(44,'Necesita trabajo.'),(45,'Ven y prueba el arroz!'),(46,'Ellas me dan agua.'),(47,'Yo deseo una hija.'),(48,'Como quieras!'),(49,'¡Su boca no está limpia!'),(50,'El gato no es humano.'),(51,'Mi perro está sucio.'),(52,'El zapato izquierdo es diferente.'),(53,'Eres mi futuro marido.'),(54,'El verano es caliente pero seco.'),(55,'¿Ellos son legales?'),(56,'Mi ropa está mojada.'),(57,'Si, pero es reciente.'),(58,'Los periódicos son recientes.'),(59,'Él es mi futuro esposo.'),(60,'Ella es mi futura esposa.'),(61,'La camisa está todavía mojada.'),(62,'Los pantalones están secos.'),(63,'Mi zapato está sucio.'),(64,'Porque ellos están limpios.'),(65,'Su zapato izquierdo es verde.'),(66,'¿Es el periódico reciente?'),(67,'Ellas no son humanas'),(68,'Es una cena oficial.'),(69,'Nuestro trabajador principal'),(70,'Eres una madre moderna.'),(71,'Él es un doctor militar.'),(72,'Mi hermano no es bilingue.'),(73,'Tú eres positivo.'),(74,'Ella es profesional.'),(75,'Me gusta la comida local.'),(76,'Ahora soy bilingue.'),(77,'Nuestra comida principal es el arroz.'),(78,'Él es un actor profesional.'),(79,'Él es un escritor moderno.'),(80,'La cerveza local es buena.'),(81,'Es la edad mínima.'),(82,'La respuesta del jefe es positiva.'),(83,'Ellos no son oficiales.'),(84,'Yo soy positivo.'),(85,'Nosotros somos profesionales.'),(86,'Una carrera militar'),(87,'El tiempo mínimo es una hora.'),(88,'Tu casa es muy moderna.'),(89,'Nosotros leemos el periódico local.'),(90,'¿Quieres pimienta?'),(91,'¿Te gusta la mantequilla?'),(92,'Is this a carrot?'),(93,'Quiero hongos en mi ensalada.'),(94,'El pastel está amargo.'),(95,'No me gusta la miel.'),(96,'La pasta tiene ajo.'),(97,'Es jugo de uva.'),(98,'¡No me gustan las zanahorias!'),(99,'A mi hermano le gustan los plátanos.'),(100,'El hongo blanco no es amargo.'),(101,'Pan con mantequilla.'),(102,'Me gusta el pastel de zanahoria.'),(103,'La niña está comiendo una uva.'),(104,'Una zanahoria amarilla.'),(106,'Veo dos zanahorias y tres uvas.'),(107,'¿Te gusta el pan con ajo?'),(108,'Té con miel.'),(109,'¿Es posible?'),(110,'No somos populares.'),(111,'Es una empresa independiente.'),(112,'¿Cuál es la respuesta real?'),(113,'Yo tengo mis propios gatos.'),(114,'En general.'),(115,'Yo no estoy disponible.'),(116,'Es privado.'),(117,'Ellos son muy populares.'),(118,'Yo no soy perfecto.'),(119,'Tú haces tus propias camisas.'),(120,'Yo tengo mis propios perros.'),(121,'Fiestas privadas.'),(122,'Es posible para ti.'),(123,'Ella es su verdadera madre.'),(124,'En general es blanco.'),(125,'En general como carne.'),(126,'Ella es independiente.'),(127,'Si, son reales.'),(128,'Una habitación está disponible.'),(129,'Ellos tienen sus propias fiestas.'),(130,'No es posible para mí.'),(131,'Claramente.'),(132,'Posiblemente'),(133,'Es completamente verde.'),(134,'A veces él cocina con ella.'),(135,'¿Por que él llega tarde?'),(136,'Yo no estoy yendo a ningún lugar.'),(137,'Dos veces a la semana.'),(138,'Él lee fácilmente.'),(139,'¿Por qué tú llegas siempre tarde?'),(140,'¿Una o dos veces al día?'),(141,'Es completamente posible.'),(142,'Ustedes escriben especialmente para nosotras.'),(143,'Él duerme fácilmente.'),(144,'Yo la veo dos veces por semana.'),(145,'A veces corro los martes.'),(146,'Nunca voy a ninguna parte.'),(147,'¡Demasiado tarde!'),(148,'Mi hijo come en cualquier lugar.'),(149,'El niño lee fácilmente.'),(150,'Dos veces a la semana.'),(151,'Estoy completamente en contra.'),(152,'Sin embargo es bueno.'),(153,'Come despacio.'),(154,'¿Está lejos de aquí?'),(155,'Yo tampoco.'),(156,'Normalmente toma años'),(157,'Generalmente es verde.'),(158,'Definitivamente'),(159,'Tu hermana está tan hermosa como siempre.'),(160,'No necesariamente.'),(161,'No recuerdo ni el día ni el momento.'),(162,'Generalmente la carne es roja.'),(163,'Definitivamente es un oso.'),(164,'¿Qué tan lejos es'),(165,'¿Tú a veces cocinas?'),(166,'Él come lentamente.'),(167,'No, normalmente no.'),(168,'Sin embargo, es demasiado caro.'),(169,'Aún estamos lejos de allí.'),(170,'Definitivamente.'),(171,'Sin embargo, no son lo mismo.'),(172,'Yo no leo ni escribo.'),(173,'Sin embargo, no es posible.'),(174,'Tengo más para más tarde.'),(175,'Ellos están bastante cansados hoy.'),(176,'¿Quién más está allí?'),(177,'Actualmente es así.'),(178,'Finally we pay the man.'),(179,'Él he him  no está allá todavía.'),(180,'Yo ya hablo inglés.'),(181,'¿Y entonces?'),(182,'¿Es siquiera posible?'),(183,'¿Quién más está con nosotros?'),(184,'Él es actualmente un actor.'),(185,'Ya estamos en junio.'),(186,'Ella no está aquí todavía.'),(187,'Si ella camina, entonces él camina.'),(188,'Finalmente es viernes.'),(189,'Una semana después.'),(190,'Comemos durante al menos una hora.'),(191,'Hasta luego.'),(192,'Casi'),(193,'¡Basta!'),(194,'Hasta el niño escribe.'),(195,'¡LLévame lejos!'),(196,'¡Exactamente!'),(197,'¡Hasta pronto!'),(198,'Tengo solamente un zapato.'),(199,'Tienes aproximadamente un mes.'),(200,'Usualmente yo me duermo a las nueve.'),(201,'Sí, hasta él.'),(202,'Estamos a exactamente una hora de distancia.'),(203,'Estamos aproximadamente aquí.'),(204,'Ella tiene solo una camisa.'),(205,'Ellos se llevan a sus hijos.'),(206,'Mi padre usualmente lleva un sombrero cuando sale.'),(207,'Buen día, y hasta pronto.'),(208,'Anoche');

/*Table structure for table `phrase_translation` */

DROP TABLE IF EXISTS `phrase_translation`;

CREATE TABLE `phrase_translation` (
  `id` int(11) NOT NULL AUTO_INCREMENT,
  `id_spanish` int(11) NOT NULL,
  `id_english` int(11) NOT NULL,
  PRIMARY KEY (`id`)
) ENGINE=InnoDB AUTO_INCREMENT=209 DEFAULT CHARSET=utf8;

/*Data for the table `phrase_translation` */

insert  into `phrase_translation`(`id`,`id_spanish`,`id_english`) values (5,5,5),(8,8,8),(9,9,9),(10,10,10),(11,11,11),(12,12,12),(13,13,13),(14,14,14),(15,15,15),(16,16,16),(17,17,17),(18,18,18),(19,19,19),(20,20,20),(21,21,21),(22,22,22),(23,23,23),(24,24,24),(25,25,25),(26,26,26),(27,27,27),(28,28,28),(29,29,29),(30,30,30),(31,31,31),(32,32,32),(33,33,33),(34,34,34),(35,35,35),(36,36,36),(37,37,37),(38,38,38),(39,39,39),(40,40,40),(41,41,41),(42,42,42),(43,43,43),(44,44,44),(45,45,45),(46,46,46),(47,47,47),(48,48,48),(49,49,49),(50,50,50),(51,51,51),(52,52,52),(53,53,53),(54,54,54),(55,55,55),(56,56,56),(57,57,57),(58,58,58),(59,59,59),(60,60,60),(61,61,61),(62,62,62),(63,63,63),(64,64,64),(65,65,65),(66,66,66),(67,67,67),(68,68,68),(69,69,69),(70,70,70),(71,71,71),(72,72,72),(73,73,73),(74,74,74),(75,75,75),(76,76,76),(77,77,77),(78,78,78),(79,79,79),(80,80,80),(81,81,81),(82,82,82),(83,83,83),(84,84,84),(85,85,85),(86,86,86),(87,87,87),(88,88,88),(89,89,89),(90,90,90),(91,91,91),(92,92,92),(93,93,93),(94,94,94),(95,95,95),(96,96,96),(97,97,97),(98,98,98),(99,99,99),(100,100,100),(101,101,101),(102,102,102),(103,103,103),(104,104,104),(106,106,106),(107,107,107),(108,108,108),(109,109,109),(110,110,110),(111,111,111),(112,112,112),(113,113,113),(114,114,114),(115,115,115),(116,116,116),(117,117,117),(118,118,118),(119,119,119),(120,120,120),(121,121,121),(122,122,122),(123,123,123),(124,124,124),(125,125,125),(126,126,126),(127,127,127),(128,128,128),(129,129,129),(130,130,130),(131,131,131),(132,132,132),(133,133,133),(134,134,134),(135,135,135),(136,136,136),(137,137,137),(138,138,138),(139,139,139),(140,140,140),(141,141,141),(142,142,142),(143,143,143),(144,144,144),(145,145,145),(146,146,146),(147,147,147),(148,148,148),(149,149,149),(150,150,150),(151,151,151),(152,152,152),(153,153,153),(154,154,154),(155,155,155),(156,156,156),(157,157,157),(158,158,158),(159,159,159),(160,160,160),(161,161,161),(162,162,162),(163,163,163),(164,164,164),(165,165,165),(166,166,166),(167,167,167),(168,168,168),(169,169,169),(170,170,170),(171,171,171),(172,172,172),(173,173,173),(174,174,174),(175,175,175),(176,176,176),(177,177,177),(178,178,178),(179,179,179),(180,180,180),(181,181,181),(182,182,182),(183,183,183),(184,184,184),(185,185,185),(186,186,186),(187,187,187),(188,188,188),(189,189,189),(190,190,190),(191,191,191),(192,192,192),(193,193,193),(194,194,194),(195,195,195),(196,196,196),(197,197,197),(198,198,198),(199,199,199),(200,200,200),(201,201,201),(202,202,202),(203,203,203),(204,204,204),(205,205,205),(206,206,206),(207,207,207),(208,208,208);


